period_begin,period_end,city,property_type,median_sale_price,median_sale_price_diff,median_sale_price_diff2
2015-08-01,2015-08-31,Austin,All Residential,262461.0,-2539.0,4461.0
2015-09-01,2015-09-30,Austin,All Residential,255000.0,-7461.0,-4922.0
2015-10-01,2015-10-31,Austin,All Residential,255000.0,0.0,7461.0
2015-11-01,2015-11-30,Austin,All Residential,270000.0,15000.0,15000.0
2015-12-01,2015-12-31,Austin,All Residential,271500.0,1500.0,-13500.0
2016-01-01,2016-01-31,Austin,All Residential,255250.0,-16250.0,-17750.0
2016-02-01,2016-02-29,Austin,All Residential,267500.0,12250.0,28500.0
2016-03-01,2016-03-31,Austin,All Residential,275625.0,8125.0,-4125.0
2016-04-01,2016-04-30,Austin,All Residential,286891.0,11266.0,3141.0
2016-05-01,2016-05-31,Austin,All Residential,285000.0,-1891.0,-13157.0
2016-06-01,2016-06-30,Austin,All Residential,293625.0,8625.0,10516.0
2016-07-01,2016-07-31,Austin,All Residential,285000.0,-8625.0,-17250.0
2016-08-01,2016-08-31,Austin,All Residential,285000.0,0.0,8625.0
2016-09-01,2016-09-30,Austin,All Residential,275000.0,-10000.0,-10000.0
2016-10-01,2016-10-31,Austin,All Residential,279900.0,4900.0,14900.0
2016-11-01,2016-11-30,Austin,All Residential,290000.0,10100.0,5200.0
2016-12-01,2016-12-31,Austin,All Residential,289576.0,-424.0,-10524.0
2017-01-01,2017-01-31,Austin,All Residential,279000.0,-10576.0,-10152.0
2017-02-01,2017-02-28,Austin,All Residential,289000.0,10000.0,20576.0
2017-03-01,2017-03-31,Austin,All Residential,295000.0,6000.0,-4000.0
2017-04-01,2017-04-30,Austin,All Residential,301000.0,6000.0,0.0
2017-05-01,2017-05-31,Austin,All Residential,305000.0,4000.0,-2000.0
2017-06-01,2017-06-30,Austin,All Residential,307500.0,2500.0,-1500.0
2017-07-01,2017-07-31,Austin,All Residential,297902.0,-9598.0,-12098.0
2017-08-01,2017-08-31,Austin,All Residential,295000.0,-2902.0,6696.0
2017-09-01,2017-09-30,Austin,All Residential,289250.0,-5750.0,-2848.0
2017-10-01,2017-10-31,Austin,All Residential,289702.0,452.0,6202.0
2017-11-01,2017-11-30,Austin,All Residential,291000.0,1298.0,846.0
2017-12-01,2017-12-31,Austin,All Residential,305000.0,14000.0,12702.0
2018-01-01,2018-01-31,Austin,All Residential,290300.0,-14700.0,-28700.0
2018-02-01,2018-02-28,Austin,All Residential,295000.0,4700.0,19400.0
2018-03-01,2018-03-31,Austin,All Residential,300000.0,5000.0,300.0
2018-04-01,2018-04-30,Austin,All Residential,315000.0,15000.0,10000.0
2018-05-01,2018-05-31,Austin,All Residential,318000.0,3000.0,-12000.0
2018-06-01,2018-06-30,Austin,All Residential,321430.0,3430.0,430.0
2018-07-01,2018-07-31,Austin,All Residential,314997.0,-6433.0,-9863.0
2018-08-01,2018-08-31,Austin,All Residential,316940.0,1943.0,8376.0
2018-09-01,2018-09-30,Austin,All Residential,300000.0,-16940.0,-18883.0
2018-10-01,2018-10-31,Austin,All Residential,305000.0,5000.0,21940.0
2018-11-01,2018-11-30,Austin,All Residential,300000.0,-5000.0,-10000.0
2018-12-01,2018-12-31,Austin,All Residential,303995.0,3995.0,8995.0
2019-01-01,2019-01-31,Austin,All Residential,295000.0,-8995.0,-12990.0
2019-02-01,2019-02-28,Austin,All Residential,294770.0,-230.0,8765.0
2019-03-01,2019-03-31,Austin,All Residential,304250.0,9480.0,9710.0
2019-04-01,2019-04-30,Austin,All Residential,318990.0,14740.0,5260.0
2019-05-01,2019-05-31,Austin,All Residential,329000.0,10010.0,-4730.0
2019-06-01,2019-06-30,Austin,All Residential,329300.0,300.0,-9710.0
2019-07-01,2019-07-31,Austin,All Residential,320000.0,-9300.0,-9600.0
2019-08-01,2019-08-31,Austin,All Residential,320000.0,0.0,9300.0
2019-09-01,2019-09-30,Austin,All Residential,320000.0,0.0,0.0
2019-10-01,2019-10-31,Austin,All Residential,325000.0,5000.0,5000.0
2019-11-01,2019-11-30,Austin,All Residential,309945.0,-15055.0,-20055.0
2019-12-01,2019-12-31,Austin,All Residential,321000.0,11055.0,26110.0
2020-01-01,2020-01-31,Austin,All Residential,308645.0,-12355.0,-23410.0
2020-02-01,2020-02-29,Austin,All Residential,325000.0,16355.0,28710.0
2020-03-01,2020-03-31,Austin,All Residential,332475.0,7475.0,-8880.0
2020-04-01,2020-04-30,Austin,All Residential,325100.0,-7375.0,-14850.0
2020-05-01,2020-05-31,Austin,All Residential,330000.0,4900.0,12275.0
2020-06-01,2020-06-30,Austin,All Residential,339000.0,9000.0,4100.0
2020-07-01,2020-07-31,Austin,All Residential,352000.0,13000.0,4000.0
2020-08-01,2020-08-31,Austin,All Residential,350000.0,-2000.0,-15000.0
2020-09-01,2020-09-30,Austin,All Residential,355000.0,5000.0,7000.0
2020-10-01,2020-10-31,Austin,All Residential,368000.0,13000.0,8000.0
2020-11-01,2020-11-30,Austin,All Residential,364950.0,-3050.0,-16050.0
2020-12-01,2020-12-31,Austin,All Residential,368440.0,3490.0,6540.0
2021-01-01,2021-01-31,Austin,All Residential,369900.0,1460.0,-2030.0
2021-02-01,2021-02-28,Austin,All Residential,397060.0,27160.0,25700.0
2021-03-01,2021-03-31,Austin,All Residential,426000.0,28940.0,1780.0
2021-04-01,2021-04-30,Austin,All Residential,467000.0,41000.0,12060.0
2021-05-01,2021-05-31,Austin,All Residential,465000.0,-2000.0,-43000.0
2021-06-01,2021-06-30,Austin,All Residential,480500.0,15500.0,17500.0
2021-07-01,2021-07-31,Austin,All Residential,481500.0,1000.0,-14500.0
2021-08-01,2021-08-31,Austin,All Residential,472850.0,-8650.0,-9650.0
2021-09-01,2021-09-30,Austin,All Residential,450000.0,-22850.0,-14200.0
2021-10-01,2021-10-31,Austin,All Residential,458000.0,8000.0,30850.0
2021-11-01,2021-11-30,Austin,All Residential,470082.5,12082.5,4082.5
2021-12-01,2021-12-31,Austin,All Residential,475000.0,4917.5,-7165.0
2022-01-01,2022-01-31,Austin,All Residential,483000.0,8000.0,3082.5
2022-02-01,2022-02-28,Austin,All Residential,499995.0,16995.0,8995.0
2022-03-01,2022-03-31,Austin,All Residential,521050.0,21055.0,4060.0
2022-04-01,2022-04-30,Austin,All Residential,555000.0,33950.0,12895.0
2022-05-01,2022-05-31,Austin,All Residential,551000.0,-4000.0,-37950.0
2022-06-01,2022-06-30,Austin,All Residential,535000.0,-16000.0,-12000.0
2022-07-01,2022-07-31,Austin,All Residential,518500.0,-16500.0,-500.0
2022-08-01,2022-08-31,Austin,All Residential,499999.0,-18501.0,-2001.0
2022-09-01,2022-09-30,Austin,All Residential,475000.0,-24999.0,-6498.0
2022-10-01,2022-10-31,Austin,All Residential,475000.0,0.0,24999.0
2022-11-01,2022-11-30,Austin,All Residential,466460.0,-8540.0,-8540.0
2022-12-01,2022-12-31,Austin,All Residential,454875.0,-11585.0,-3045.0
2023-01-01,2023-01-31,Austin,All Residential,450000.0,-4875.0,6710.0
2023-02-01,2023-02-28,Austin,All Residential,439000.0,-11000.0,-6125.0
2023-03-01,2023-03-31,Austin,All Residential,450000.0,11000.0,22000.0
2023-04-01,2023-04-30,Austin,All Residential,466600.0,16600.0,5600.0
2023-05-01,2023-05-31,Austin,All Residential,465000.0,-1600.0,-18200.0
2023-06-01,2023-06-30,Austin,All Residential,478945.0,13945.0,15545.0
2023-07-01,2023-07-31,Austin,All Residential,462000.0,-16945.0,-30890.0
2023-08-01,2023-08-31,Austin,All Residential,460000.0,-2000.0,14945.0
2023-09-01,2023-09-30,Austin,All Residential,453363.0,-6637.0,-4637.0
2023-10-01,2023-10-31,Austin,All Residential,445000.0,-8363.0,-1726.0
2023-11-01,2023-11-30,Austin,All Residential,425000.0,-20000.0,-11637.0
2023-12-01,2023-12-31,Austin,All Residential,442990.0,17990.0,37990.0
2024-01-01,2024-01-31,Austin,All Residential,430000.0,-12990.0,-30980.0
2024-02-01,2024-02-29,Austin,All Residential,441000.0,11000.0,23990.0
2024-03-01,2024-03-31,Austin,All Residential,450000.0,9000.0,-2000.0
2024-04-01,2024-04-30,Austin,All Residential,462303.0,12303.0,3303.0
2024-05-01,2024-05-31,Austin,All Residential,459900.0,-2403.0,-14706.0
2024-06-01,2024-06-30,Austin,All Residential,452500.0,-7400.0,-4997.0
2015-08-01,2015-08-31,Boston,All Residential,420000.0,-5000.0,-5000.0
2015-09-01,2015-09-30,Boston,All Residential,395000.0,-25000.0,-20000.0
2015-10-01,2015-10-31,Boston,All Residential,390000.0,-5000.0,20000.0
2015-11-01,2015-11-30,Boston,All Residential,400000.0,10000.0,15000.0
2015-12-01,2015-12-31,Boston,All Residential,400000.0,0.0,-10000.0
2016-01-01,2016-01-31,Boston,All Residential,395000.0,-5000.0,-5000.0
2016-02-01,2016-02-29,Boston,All Residential,375000.0,-20000.0,-15000.0
2016-03-01,2016-03-31,Boston,All Residential,390000.0,15000.0,35000.0
2016-04-01,2016-04-30,Boston,All Residential,415000.0,25000.0,10000.0
2016-05-01,2016-05-31,Boston,All Residential,425000.0,10000.0,-15000.0
2016-06-01,2016-06-30,Boston,All Residential,449500.0,24500.0,14500.0
2016-07-01,2016-07-31,Boston,All Residential,445000.0,-4500.0,-29000.0
2016-08-01,2016-08-31,Boston,All Residential,438900.0,-6100.0,-1600.0
2016-09-01,2016-09-30,Boston,All Residential,419000.0,-19900.0,-13800.0
2016-10-01,2016-10-31,Boston,All Residential,415000.0,-4000.0,15900.0
2016-11-01,2016-11-30,Boston,All Residential,428000.0,13000.0,17000.0
2016-12-01,2016-12-31,Boston,All Residential,420000.0,-8000.0,-21000.0
2017-01-01,2017-01-31,Boston,All Residential,422000.0,2000.0,10000.0
2017-02-01,2017-02-28,Boston,All Residential,400000.0,-22000.0,-24000.0
2017-03-01,2017-03-31,Boston,All Residential,430300.5,30300.5,52300.5
2017-04-01,2017-04-30,Boston,All Residential,445700.0,15399.5,-14901.0
2017-05-01,2017-05-31,Boston,All Residential,455000.0,9300.0,-6099.5
2017-06-01,2017-06-30,Boston,All Residential,475000.0,20000.0,10700.0
2017-07-01,2017-07-31,Boston,All Residential,475000.0,0.0,-20000.0
2017-08-01,2017-08-31,Boston,All Residential,465000.0,-10000.0,-10000.0
2017-09-01,2017-09-30,Boston,All Residential,449900.0,-15100.0,-5100.0
2017-10-01,2017-10-31,Boston,All Residential,446825.0,-3075.0,12025.0
2017-11-01,2017-11-30,Boston,All Residential,455000.0,8175.0,11250.0
2017-12-01,2017-12-31,Boston,All Residential,455000.0,0.0,-8175.0
2018-01-01,2018-01-31,Boston,All Residential,455000.0,0.0,0.0
2018-02-01,2018-02-28,Boston,All Residential,440000.0,-15000.0,-15000.0
2018-03-01,2018-03-31,Boston,All Residential,465000.0,25000.0,40000.0
2018-04-01,2018-04-30,Boston,All Residential,484000.0,19000.0,-6000.0
2018-05-01,2018-05-31,Boston,All Residential,495000.0,11000.0,-8000.0
2018-06-01,2018-06-30,Boston,All Residential,513500.0,18500.0,7500.0
2018-07-01,2018-07-31,Boston,All Residential,515000.0,1500.0,-17000.0
2018-08-01,2018-08-31,Boston,All Residential,500000.0,-15000.0,-16500.0
2018-09-01,2018-09-30,Boston,All Residential,470000.0,-30000.0,-15000.0
2018-10-01,2018-10-31,Boston,All Residential,470000.0,0.0,30000.0
2018-11-01,2018-11-30,Boston,All Residential,475000.0,5000.0,5000.0
2018-12-01,2018-12-31,Boston,All Residential,457725.0,-17275.0,-22275.0
2019-01-01,2019-01-31,Boston,All Residential,474900.0,17175.0,34450.0
2019-02-01,2019-02-28,Boston,All Residential,454450.0,-20450.0,-37625.0
2019-03-01,2019-03-31,Boston,All Residential,475000.0,20550.0,41000.0
2019-04-01,2019-04-30,Boston,All Residential,485000.0,10000.0,-10550.0
2019-05-01,2019-05-31,Boston,All Residential,520000.0,35000.0,25000.0
2019-06-01,2019-06-30,Boston,All Residential,529000.0,9000.0,-26000.0
2019-07-01,2019-07-31,Boston,All Residential,530000.0,1000.0,-8000.0
2019-08-01,2019-08-31,Boston,All Residential,515000.0,-15000.0,-16000.0
2019-09-01,2019-09-30,Boston,All Residential,490000.0,-25000.0,-10000.0
2019-10-01,2019-10-31,Boston,All Residential,485000.0,-5000.0,20000.0
2019-11-01,2019-11-30,Boston,All Residential,491375.0,6375.0,11375.0
2019-12-01,2019-12-31,Boston,All Residential,500000.0,8625.0,2250.0
2020-01-01,2020-01-31,Boston,All Residential,505000.0,5000.0,-3625.0
2020-02-01,2020-02-29,Boston,All Residential,497785.0,-7215.0,-12215.0
2020-03-01,2020-03-31,Boston,All Residential,520000.0,22215.0,29430.0
2020-04-01,2020-04-30,Boston,All Residential,538440.0,18440.0,-3775.0
2020-05-01,2020-05-31,Boston,All Residential,530000.0,-8440.0,-26880.0
2020-06-01,2020-06-30,Boston,All Residential,540000.0,10000.0,18440.0
2020-07-01,2020-07-31,Boston,All Residential,554775.0,14775.0,4775.0
2020-08-01,2020-08-31,Boston,All Residential,569000.0,14225.0,-550.0
2020-09-01,2020-09-30,Boston,All Residential,560000.0,-9000.0,-23225.0
2020-10-01,2020-10-31,Boston,All Residential,550000.0,-10000.0,-1000.0
2020-11-01,2020-11-30,Boston,All Residential,550000.0,0.0,10000.0
2020-12-01,2020-12-31,Boston,All Residential,550000.0,0.0,0.0
2021-01-01,2021-01-31,Boston,All Residential,557250.0,7250.0,7250.0
2021-02-01,2021-02-28,Boston,All Residential,550000.0,-7250.0,-14500.0
2021-03-01,2021-03-31,Boston,All Residential,576500.0,26500.0,33750.0
2021-04-01,2021-04-30,Boston,All Residential,601000.0,24500.0,-2000.0
2021-05-01,2021-05-31,Boston,All Residential,620000.0,19000.0,-5500.0
2021-06-01,2021-06-30,Boston,All Residential,650000.0,30000.0,11000.0
2021-07-01,2021-07-31,Boston,All Residential,635000.0,-15000.0,-45000.0
2021-08-01,2021-08-31,Boston,All Residential,625000.0,-10000.0,5000.0
2021-09-01,2021-09-30,Boston,All Residential,605000.0,-20000.0,-10000.0
2021-10-01,2021-10-31,Boston,All Residential,600000.0,-5000.0,15000.0
2021-11-01,2021-11-30,Boston,All Residential,610000.0,10000.0,15000.0
2021-12-01,2021-12-31,Boston,All Residential,620000.0,10000.0,0.0
2022-01-01,2022-01-31,Boston,All Residential,595234.0,-24766.0,-34766.0
2022-02-01,2022-02-28,Boston,All Residential,595000.0,-234.0,24532.0
2022-03-01,2022-03-31,Boston,All Residential,637000.0,42000.0,42234.0
2022-04-01,2022-04-30,Boston,All Residential,675000.0,38000.0,-4000.0
2022-05-01,2022-05-31,Boston,All Residential,690000.0,15000.0,-23000.0
2022-06-01,2022-06-30,Boston,All Residential,705000.0,15000.0,0.0
2022-07-01,2022-07-31,Boston,All Residential,688000.0,-17000.0,-32000.0
2022-08-01,2022-08-31,Boston,All Residential,675000.0,-13000.0,4000.0
2022-09-01,2022-09-30,Boston,All Residential,649900.0,-25100.0,-12100.0
2022-10-01,2022-10-31,Boston,All Residential,630000.0,-19900.0,5200.0
2022-11-01,2022-11-30,Boston,All Residential,640500.0,10500.0,30400.0
2022-12-01,2022-12-31,Boston,All Residential,605000.0,-35500.0,-46000.0
2023-01-01,2023-01-31,Boston,All Residential,610000.0,5000.0,40500.0
2023-02-01,2023-02-28,Boston,All Residential,598500.0,-11500.0,-16500.0
2023-03-01,2023-03-31,Boston,All Residential,650000.0,51500.0,63000.0
2023-04-01,2023-04-30,Boston,All Residential,668450.0,18450.0,-33050.0
2023-05-01,2023-05-31,Boston,All Residential,700000.0,31550.0,13100.0
2023-06-01,2023-06-30,Boston,All Residential,730000.0,30000.0,-1550.0
2023-07-01,2023-07-31,Boston,All Residential,735000.0,5000.0,-25000.0
2023-08-01,2023-08-31,Boston,All Residential,713218.5,-21781.5,-26781.5
2023-09-01,2023-09-30,Boston,All Residential,685000.0,-28218.5,-6437.0
2023-10-01,2023-10-31,Boston,All Residential,685000.0,0.0,28218.5
2023-11-01,2023-11-30,Boston,All Residential,675000.0,-10000.0,-10000.0
2023-12-01,2023-12-31,Boston,All Residential,670000.0,-5000.0,5000.0
2024-01-01,2024-01-31,Boston,All Residential,672325.0,2325.0,7325.0
2024-02-01,2024-02-29,Boston,All Residential,665000.0,-7325.0,-9650.0
2024-03-01,2024-03-31,Boston,All Residential,710000.0,45000.0,52325.0
2024-04-01,2024-04-30,Boston,All Residential,715000.0,5000.0,-40000.0
2024-05-01,2024-05-31,Boston,All Residential,735000.0,20000.0,15000.0
2024-06-01,2024-06-30,Boston,All Residential,770000.0,35000.0,15000.0
2015-08-01,2015-08-31,Chicago,All Residential,224000.0,-4000.0,2000.0
2015-09-01,2015-09-30,Chicago,All Residential,210000.0,-14000.0,-10000.0
2015-10-01,2015-10-31,Chicago,All Residential,200000.0,-10000.0,4000.0
2015-11-01,2015-11-30,Chicago,All Residential,197000.0,-3000.0,7000.0
2015-12-01,2015-12-31,Chicago,All Residential,200000.0,3000.0,6000.0
2016-01-01,2016-01-31,Chicago,All Residential,190000.0,-10000.0,-13000.0
2016-02-01,2016-02-29,Chicago,All Residential,190000.0,0.0,10000.0
2016-03-01,2016-03-31,Chicago,All Residential,210250.0,20250.0,20250.0
2016-04-01,2016-04-30,Chicago,All Residential,231000.0,20750.0,500.0
2016-05-01,2016-05-31,Chicago,All Residential,235000.0,4000.0,-16750.0
2016-06-01,2016-06-30,Chicago,All Residential,246000.0,11000.0,7000.0
2016-07-01,2016-07-31,Chicago,All Residential,241000.0,-5000.0,-16000.0
2016-08-01,2016-08-31,Chicago,All Residential,235000.0,-6000.0,-1000.0
2016-09-01,2016-09-30,Chicago,All Residential,220000.0,-15000.0,-9000.0
2016-10-01,2016-10-31,Chicago,All Residential,220000.0,0.0,15000.0
2016-11-01,2016-11-30,Chicago,All Residential,215000.0,-5000.0,-5000.0
2016-12-01,2016-12-31,Chicago,All Residential,215000.0,0.0,5000.0
2017-01-01,2017-01-31,Chicago,All Residential,208000.0,-7000.0,-7000.0
2017-02-01,2017-02-28,Chicago,All Residential,209000.0,1000.0,8000.0
2017-03-01,2017-03-31,Chicago,All Residential,234900.0,25900.0,24900.0
2017-04-01,2017-04-30,Chicago,All Residential,246550.0,11650.0,-14250.0
2017-05-01,2017-05-31,Chicago,All Residential,250000.0,3450.0,-8200.0
2017-06-01,2017-06-30,Chicago,All Residential,254500.0,4500.0,1050.0
2017-07-01,2017-07-31,Chicago,All Residential,250000.0,-4500.0,-9000.0
2017-08-01,2017-08-31,Chicago,All Residential,240000.0,-10000.0,-5500.0
2017-09-01,2017-09-30,Chicago,All Residential,234000.0,-6000.0,4000.0
2017-10-01,2017-10-31,Chicago,All Residential,225000.0,-9000.0,-3000.0
2017-11-01,2017-11-30,Chicago,All Residential,225000.0,0.0,9000.0
2017-12-01,2017-12-31,Chicago,All Residential,227000.0,2000.0,2000.0
2018-01-01,2018-01-31,Chicago,All Residential,225000.0,-2000.0,-4000.0
2018-02-01,2018-02-28,Chicago,All Residential,230000.0,5000.0,7000.0
2018-03-01,2018-03-31,Chicago,All Residential,245000.0,15000.0,10000.0
2018-04-01,2018-04-30,Chicago,All Residential,252500.0,7500.0,-7500.0
2018-05-01,2018-05-31,Chicago,All Residential,255000.0,2500.0,-5000.0
2018-06-01,2018-06-30,Chicago,All Residential,265000.0,10000.0,7500.0
2018-07-01,2018-07-31,Chicago,All Residential,255000.0,-10000.0,-20000.0
2018-08-01,2018-08-31,Chicago,All Residential,245000.0,-10000.0,0.0
2018-09-01,2018-09-30,Chicago,All Residential,240000.0,-5000.0,5000.0
2018-10-01,2018-10-31,Chicago,All Residential,232000.0,-8000.0,-3000.0
2018-11-01,2018-11-30,Chicago,All Residential,235000.0,3000.0,11000.0
2018-12-01,2018-12-31,Chicago,All Residential,229000.0,-6000.0,-9000.0
2019-01-01,2019-01-31,Chicago,All Residential,225000.0,-4000.0,2000.0
2019-02-01,2019-02-28,Chicago,All Residential,232500.0,7500.0,11500.0
2019-03-01,2019-03-31,Chicago,All Residential,243000.0,10500.0,3000.0
2019-04-01,2019-04-30,Chicago,All Residential,255000.0,12000.0,1500.0
2019-05-01,2019-05-31,Chicago,All Residential,262000.0,7000.0,-5000.0
2019-06-01,2019-06-30,Chicago,All Residential,265000.0,3000.0,-4000.0
2019-07-01,2019-07-31,Chicago,All Residential,261250.0,-3750.0,-6750.0
2019-08-01,2019-08-31,Chicago,All Residential,254000.0,-7250.0,-3500.0
2019-09-01,2019-09-30,Chicago,All Residential,243000.0,-11000.0,-3750.0
2019-10-01,2019-10-31,Chicago,All Residential,240000.0,-3000.0,8000.0
2019-11-01,2019-11-30,Chicago,All Residential,241250.0,1250.0,4250.0
2019-12-01,2019-12-31,Chicago,All Residential,240000.0,-1250.0,-2500.0
2020-01-01,2020-01-31,Chicago,All Residential,234000.0,-6000.0,-4750.0
2020-02-01,2020-02-29,Chicago,All Residential,242000.0,8000.0,14000.0
2020-03-01,2020-03-31,Chicago,All Residential,265000.0,23000.0,15000.0
2020-04-01,2020-04-30,Chicago,All Residential,275000.0,10000.0,-13000.0
2020-05-01,2020-05-31,Chicago,All Residential,265000.0,-10000.0,-20000.0
2020-06-01,2020-06-30,Chicago,All Residential,269500.0,4500.0,14500.0
2020-07-01,2020-07-31,Chicago,All Residential,280000.0,10500.0,6000.0
2020-08-01,2020-08-31,Chicago,All Residential,285000.0,5000.0,-5500.0
2020-09-01,2020-09-30,Chicago,All Residential,276000.0,-9000.0,-14000.0
2020-10-01,2020-10-31,Chicago,All Residential,275000.0,-1000.0,8000.0
2020-11-01,2020-11-30,Chicago,All Residential,270000.0,-5000.0,-4000.0
2020-12-01,2020-12-31,Chicago,All Residential,269000.0,-1000.0,4000.0
2021-01-01,2021-01-31,Chicago,All Residential,270000.0,1000.0,2000.0
2021-02-01,2021-02-28,Chicago,All Residential,274450.0,4450.0,3450.0
2021-03-01,2021-03-31,Chicago,All Residential,300000.0,25550.0,21100.0
2021-04-01,2021-04-30,Chicago,All Residential,312000.0,12000.0,-13550.0
2021-05-01,2021-05-31,Chicago,All Residential,315000.0,3000.0,-9000.0
2021-06-01,2021-06-30,Chicago,All Residential,320000.0,5000.0,2000.0
2021-07-01,2021-07-31,Chicago,All Residential,312000.0,-8000.0,-13000.0
2021-08-01,2021-08-31,Chicago,All Residential,305000.0,-7000.0,1000.0
2021-09-01,2021-09-30,Chicago,All Residential,294000.0,-11000.0,-4000.0
2021-10-01,2021-10-31,Chicago,All Residential,293000.0,-1000.0,10000.0
2021-11-01,2021-11-30,Chicago,All Residential,293250.0,250.0,1250.0
2021-12-01,2021-12-31,Chicago,All Residential,290000.0,-3250.0,-3500.0
2022-01-01,2022-01-31,Chicago,All Residential,290000.0,0.0,3250.0
2022-02-01,2022-02-28,Chicago,All Residential,291500.0,1500.0,1500.0
2022-03-01,2022-03-31,Chicago,All Residential,310000.0,18500.0,17000.0
2022-04-01,2022-04-30,Chicago,All Residential,327500.0,17500.0,-1000.0
2022-05-01,2022-05-31,Chicago,All Residential,329000.0,1500.0,-16000.0
2022-06-01,2022-06-30,Chicago,All Residential,340000.0,11000.0,9500.0
2022-07-01,2022-07-31,Chicago,All Residential,325000.0,-15000.0,-26000.0
2022-08-01,2022-08-31,Chicago,All Residential,310000.0,-15000.0,0.0
2022-09-01,2022-09-30,Chicago,All Residential,305000.0,-5000.0,10000.0
2022-10-01,2022-10-31,Chicago,All Residential,300000.0,-5000.0,0.0
2022-11-01,2022-11-30,Chicago,All Residential,294500.0,-5500.0,-500.0
2022-12-01,2022-12-31,Chicago,All Residential,285000.0,-9500.0,-4000.0
2023-01-01,2023-01-31,Chicago,All Residential,285000.0,0.0,9500.0
2023-02-01,2023-02-28,Chicago,All Residential,290000.0,5000.0,5000.0
2023-03-01,2023-03-31,Chicago,All Residential,308500.0,18500.0,13500.0
2023-04-01,2023-04-30,Chicago,All Residential,320000.0,11500.0,-7000.0
2023-05-01,2023-05-31,Chicago,All Residential,329000.0,9000.0,-2500.0
2023-06-01,2023-06-30,Chicago,All Residential,345000.0,16000.0,7000.0
2023-07-01,2023-07-31,Chicago,All Residential,337100.0,-7900.0,-23900.0
2023-08-01,2023-08-31,Chicago,All Residential,335000.0,-2100.0,5800.0
2023-09-01,2023-09-30,Chicago,All Residential,320000.0,-15000.0,-12900.0
2023-10-01,2023-10-31,Chicago,All Residential,315000.0,-5000.0,10000.0
2023-11-01,2023-11-30,Chicago,All Residential,320000.0,5000.0,10000.0
2023-12-01,2023-12-31,Chicago,All Residential,305335.0,-14665.0,-19665.0
2024-01-01,2024-01-31,Chicago,All Residential,312000.0,6665.0,21330.0
2024-02-01,2024-02-29,Chicago,All Residential,318000.0,6000.0,-665.0
2024-03-01,2024-03-31,Chicago,All Residential,338000.0,20000.0,14000.0
2024-04-01,2024-04-30,Chicago,All Residential,349000.0,11000.0,-9000.0
2024-05-01,2024-05-31,Chicago,All Residential,355000.0,6000.0,-5000.0
2024-06-01,2024-06-30,Chicago,All Residential,375000.0,20000.0,14000.0
2015-08-01,2015-08-31,Denver,All Residential,312500.0,2500.0,16500.0
2015-09-01,2015-09-30,Denver,All Residential,305000.0,-7500.0,-10000.0
2015-10-01,2015-10-31,Denver,All Residential,307500.0,2500.0,10000.0
2015-11-01,2015-11-30,Denver,All Residential,310500.0,3000.0,500.0
2015-12-01,2015-12-31,Denver,All Residential,311500.0,1000.0,-2000.0
2016-01-01,2016-01-31,Denver,All Residential,315100.0,3600.0,2600.0
2016-02-01,2016-02-29,Denver,All Residential,325000.0,9900.0,6300.0
2016-03-01,2016-03-31,Denver,All Residential,341000.0,16000.0,6100.0
2016-04-01,2016-04-30,Denver,All Residential,345000.0,4000.0,-12000.0
2016-05-01,2016-05-31,Denver,All Residential,355000.0,10000.0,6000.0
2016-06-01,2016-06-30,Denver,All Residential,360000.0,5000.0,-5000.0
2016-07-01,2016-07-31,Denver,All Residential,350000.0,-10000.0,-15000.0
2016-08-01,2016-08-31,Denver,All Residential,347500.0,-2500.0,7500.0
2016-09-01,2016-09-30,Denver,All Residential,344500.0,-3000.0,-500.0
2016-10-01,2016-10-31,Denver,All Residential,345000.0,500.0,3500.0
2016-11-01,2016-11-30,Denver,All Residential,345000.0,0.0,-500.0
2016-12-01,2016-12-31,Denver,All Residential,346000.0,1000.0,1000.0
2017-01-01,2017-01-31,Denver,All Residential,346000.0,0.0,-1000.0
2017-02-01,2017-02-28,Denver,All Residential,355000.0,9000.0,9000.0
2017-03-01,2017-03-31,Denver,All Residential,370000.0,15000.0,6000.0
2017-04-01,2017-04-30,Denver,All Residential,378000.0,8000.0,-7000.0
2017-05-01,2017-05-31,Denver,All Residential,379900.0,1900.0,-6100.0
2017-06-01,2017-06-30,Denver,All Residential,385000.0,5100.0,3200.0
2017-07-01,2017-07-31,Denver,All Residential,379900.0,-5100.0,-10200.0
2017-08-01,2017-08-31,Denver,All Residential,375000.0,-4900.0,200.0
2017-09-01,2017-09-30,Denver,All Residential,372000.0,-3000.0,1900.0
2017-10-01,2017-10-31,Denver,All Residential,375000.0,3000.0,6000.0
2017-11-01,2017-11-30,Denver,All Residential,370000.0,-5000.0,-8000.0
2017-12-01,2017-12-31,Denver,All Residential,381000.0,11000.0,16000.0
2018-01-01,2018-01-31,Denver,All Residential,379900.0,-1100.0,-12100.0
2018-02-01,2018-02-28,Denver,All Residential,399966.5,20066.5,21166.5
2018-03-01,2018-03-31,Denver,All Residential,404519.5,4553.0,-15513.5
2018-04-01,2018-04-30,Denver,All Residential,415000.0,10480.5,5927.5
2018-05-01,2018-05-31,Denver,All Residential,415000.0,0.0,-10480.5
2018-06-01,2018-06-30,Denver,All Residential,415000.0,0.0,0.0
2018-07-01,2018-07-31,Denver,All Residential,410000.0,-5000.0,-5000.0
2018-08-01,2018-08-31,Denver,All Residential,403250.0,-6750.0,-1750.0
2018-09-01,2018-09-30,Denver,All Residential,397000.0,-6250.0,500.0
2018-10-01,2018-10-31,Denver,All Residential,399000.0,2000.0,8250.0
2018-11-01,2018-11-30,Denver,All Residential,393000.0,-6000.0,-8000.0
2018-12-01,2018-12-31,Denver,All Residential,395000.0,2000.0,8000.0
2019-01-01,2019-01-31,Denver,All Residential,392750.0,-2250.0,-4250.0
2019-02-01,2019-02-28,Denver,All Residential,399900.0,7150.0,9400.0
2019-03-01,2019-03-31,Denver,All Residential,409900.0,10000.0,2850.0
2019-04-01,2019-04-30,Denver,All Residential,415000.0,5100.0,-4900.0
2019-05-01,2019-05-31,Denver,All Residential,425750.0,10750.0,5650.0
2019-06-01,2019-06-30,Denver,All Residential,424175.0,-1575.0,-12325.0
2019-07-01,2019-07-31,Denver,All Residential,425000.0,825.0,2400.0
2019-08-01,2019-08-31,Denver,All Residential,420000.0,-5000.0,-5825.0
2019-09-01,2019-09-30,Denver,All Residential,412500.0,-7500.0,-2500.0
2019-10-01,2019-10-31,Denver,All Residential,418000.0,5500.0,13000.0
2019-11-01,2019-11-30,Denver,All Residential,417462.5,-537.5,-6037.5
2019-12-01,2019-12-31,Denver,All Residential,413500.0,-3962.5,-3425.0
2020-01-01,2020-01-31,Denver,All Residential,415000.0,1500.0,5462.5
2020-02-01,2020-02-29,Denver,All Residential,425000.0,10000.0,8500.0
2020-03-01,2020-03-31,Denver,All Residential,440000.0,15000.0,5000.0
2020-04-01,2020-04-30,Denver,All Residential,435000.0,-5000.0,-20000.0
2020-05-01,2020-05-31,Denver,All Residential,435000.0,0.0,5000.0
2020-06-01,2020-06-30,Denver,All Residential,440000.0,5000.0,5000.0
2020-07-01,2020-07-31,Denver,All Residential,455000.0,15000.0,10000.0
2020-08-01,2020-08-31,Denver,All Residential,455000.0,0.0,-15000.0
2020-09-01,2020-09-30,Denver,All Residential,455000.0,0.0,0.0
2020-10-01,2020-10-31,Denver,All Residential,469356.0,14356.0,14356.0
2020-11-01,2020-11-30,Denver,All Residential,459900.0,-9456.0,-23812.0
2020-12-01,2020-12-31,Denver,All Residential,452000.0,-7900.0,1556.0
2021-01-01,2021-01-31,Denver,All Residential,455000.0,3000.0,10900.0
2021-02-01,2021-02-28,Denver,All Residential,471000.0,16000.0,13000.0
2021-03-01,2021-03-31,Denver,All Residential,498000.0,27000.0,11000.0
2021-04-01,2021-04-30,Denver,All Residential,525000.0,27000.0,0.0
2021-05-01,2021-05-31,Denver,All Residential,535000.0,10000.0,-17000.0
2021-06-01,2021-06-30,Denver,All Residential,540950.0,5950.0,-4050.0
2021-07-01,2021-07-31,Denver,All Residential,536000.0,-4950.0,-10900.0
2021-08-01,2021-08-31,Denver,All Residential,532050.0,-3950.0,1000.0
2021-09-01,2021-09-30,Denver,All Residential,530000.0,-2050.0,1900.0
2021-10-01,2021-10-31,Denver,All Residential,531000.0,1000.0,3050.0
2021-11-01,2021-11-30,Denver,All Residential,539000.0,8000.0,7000.0
2021-12-01,2021-12-31,Denver,All Residential,541000.0,2000.0,-6000.0
2022-01-01,2022-01-31,Denver,All Residential,538900.0,-2100.0,-4100.0
2022-02-01,2022-02-28,Denver,All Residential,574340.0,35440.0,37540.0
2022-03-01,2022-03-31,Denver,All Residential,600840.0,26500.0,-8940.0
2022-04-01,2022-04-30,Denver,All Residential,615000.0,14160.0,-12340.0
2022-05-01,2022-05-31,Denver,All Residential,610000.0,-5000.0,-19160.0
2022-06-01,2022-06-30,Denver,All Residential,609950.0,-50.0,4950.0
2022-07-01,2022-07-31,Denver,All Residential,594250.0,-15700.0,-15650.0
2022-08-01,2022-08-31,Denver,All Residential,575000.0,-19250.0,-3550.0
2022-09-01,2022-09-30,Denver,All Residential,577112.5,2112.5,21362.5
2022-10-01,2022-10-31,Denver,All Residential,570000.0,-7112.5,-9225.0
2022-11-01,2022-11-30,Denver,All Residential,562500.0,-7500.0,-387.5
2022-12-01,2022-12-31,Denver,All Residential,551000.0,-11500.0,-4000.0
2023-01-01,2023-01-31,Denver,All Residential,535000.0,-16000.0,-4500.0
2023-02-01,2023-02-28,Denver,All Residential,560000.0,25000.0,41000.0
2023-03-01,2023-03-31,Denver,All Residential,565500.0,5500.0,-19500.0
2023-04-01,2023-04-30,Denver,All Residential,577750.0,12250.0,6750.0
2023-05-01,2023-05-31,Denver,All Residential,590000.0,12250.0,0.0
2023-06-01,2023-06-30,Denver,All Residential,595500.0,5500.0,-6750.0
2023-07-01,2023-07-31,Denver,All Residential,589900.0,-5600.0,-11100.0
2023-08-01,2023-08-31,Denver,All Residential,580000.0,-9900.0,-4300.0
2023-09-01,2023-09-30,Denver,All Residential,581500.0,1500.0,11400.0
2023-10-01,2023-10-31,Denver,All Residential,575000.0,-6500.0,-8000.0
2023-11-01,2023-11-30,Denver,All Residential,565000.0,-10000.0,-3500.0
2023-12-01,2023-12-31,Denver,All Residential,550000.0,-15000.0,-5000.0
2024-01-01,2024-01-31,Denver,All Residential,565000.0,15000.0,30000.0
2024-02-01,2024-02-29,Denver,All Residential,575000.0,10000.0,-5000.0
2024-03-01,2024-03-31,Denver,All Residential,590415.0,15415.0,5415.0
2024-04-01,2024-04-30,Denver,All Residential,600000.0,9585.0,-5830.0
2024-05-01,2024-05-31,Denver,All Residential,599000.0,-1000.0,-10585.0
2024-06-01,2024-06-30,Denver,All Residential,600000.0,1000.0,2000.0
2015-08-01,2015-08-31,Miami,All Residential,229000.0,-9500.0,-8000.0
2015-09-01,2015-09-30,Miami,All Residential,239900.0,10900.0,20400.0
2015-10-01,2015-10-31,Miami,All Residential,227000.0,-12900.0,-23800.0
2015-11-01,2015-11-30,Miami,All Residential,230750.0,3750.0,16650.0
2015-12-01,2015-12-31,Miami,All Residential,241000.0,10250.0,6500.0
2016-01-01,2016-01-31,Miami,All Residential,237000.0,-4000.0,-14250.0
2016-02-01,2016-02-29,Miami,All Residential,239000.0,2000.0,6000.0
2016-03-01,2016-03-31,Miami,All Residential,240000.0,1000.0,-1000.0
2016-04-01,2016-04-30,Miami,All Residential,250000.0,10000.0,9000.0
2016-05-01,2016-05-31,Miami,All Residential,255000.0,5000.0,-5000.0
2016-06-01,2016-06-30,Miami,All Residential,260000.0,5000.0,0.0
2016-07-01,2016-07-31,Miami,All Residential,260000.0,0.0,-5000.0
2016-08-01,2016-08-31,Miami,All Residential,260000.0,0.0,0.0
2016-09-01,2016-09-30,Miami,All Residential,265000.0,5000.0,5000.0
2016-10-01,2016-10-31,Miami,All Residential,260000.0,-5000.0,-10000.0
2016-11-01,2016-11-30,Miami,All Residential,260000.0,0.0,5000.0
2016-12-01,2016-12-31,Miami,All Residential,260000.0,0.0,0.0
2017-01-01,2017-01-31,Miami,All Residential,265000.0,5000.0,5000.0
2017-02-01,2017-02-28,Miami,All Residential,263250.0,-1750.0,-6750.0
2017-03-01,2017-03-31,Miami,All Residential,271750.0,8500.0,10250.0
2017-04-01,2017-04-30,Miami,All Residential,279000.0,7250.0,-1250.0
2017-05-01,2017-05-31,Miami,All Residential,273000.0,-6000.0,-13250.0
2017-06-01,2017-06-30,Miami,All Residential,285000.0,12000.0,18000.0
2017-07-01,2017-07-31,Miami,All Residential,278500.0,-6500.0,-18500.0
2017-08-01,2017-08-31,Miami,All Residential,285000.0,6500.0,13000.0
2017-09-01,2017-09-30,Miami,All Residential,279000.0,-6000.0,-12500.0
2017-10-01,2017-10-31,Miami,All Residential,280000.0,1000.0,7000.0
2017-11-01,2017-11-30,Miami,All Residential,284450.0,4450.0,3450.0
2017-12-01,2017-12-31,Miami,All Residential,280000.0,-4450.0,-8900.0
2018-01-01,2018-01-31,Miami,All Residential,280000.0,0.0,4450.0
2018-02-01,2018-02-28,Miami,All Residential,280000.0,0.0,0.0
2018-03-01,2018-03-31,Miami,All Residential,299000.0,19000.0,19000.0
2018-04-01,2018-04-30,Miami,All Residential,290000.0,-9000.0,-28000.0
2018-05-01,2018-05-31,Miami,All Residential,295000.0,5000.0,14000.0
2018-06-01,2018-06-30,Miami,All Residential,305000.0,10000.0,5000.0
2018-07-01,2018-07-31,Miami,All Residential,295000.0,-10000.0,-20000.0
2018-08-01,2018-08-31,Miami,All Residential,294000.0,-1000.0,9000.0
2018-09-01,2018-09-30,Miami,All Residential,295000.0,1000.0,2000.0
2018-10-01,2018-10-31,Miami,All Residential,296000.0,1000.0,0.0
2018-11-01,2018-11-30,Miami,All Residential,291500.0,-4500.0,-5500.0
2018-12-01,2018-12-31,Miami,All Residential,295000.0,3500.0,8000.0
2019-01-01,2019-01-31,Miami,All Residential,288500.0,-6500.0,-10000.0
2019-02-01,2019-02-28,Miami,All Residential,299000.0,10500.0,17000.0
2019-03-01,2019-03-31,Miami,All Residential,305000.0,6000.0,-4500.0
2019-04-01,2019-04-30,Miami,All Residential,305000.0,0.0,-6000.0
2019-05-01,2019-05-31,Miami,All Residential,305000.0,0.0,0.0
2019-06-01,2019-06-30,Miami,All Residential,319000.0,14000.0,14000.0
2019-07-01,2019-07-31,Miami,All Residential,315000.0,-4000.0,-18000.0
2019-08-01,2019-08-31,Miami,All Residential,305000.0,-10000.0,-6000.0
2019-09-01,2019-09-30,Miami,All Residential,310000.0,5000.0,15000.0
2019-10-01,2019-10-31,Miami,All Residential,310000.0,0.0,-5000.0
2019-11-01,2019-11-30,Miami,All Residential,313000.0,3000.0,3000.0
2019-12-01,2019-12-31,Miami,All Residential,315000.0,2000.0,-1000.0
2020-01-01,2020-01-31,Miami,All Residential,310000.0,-5000.0,-7000.0
2020-02-01,2020-02-29,Miami,All Residential,320000.0,10000.0,15000.0
2020-03-01,2020-03-31,Miami,All Residential,330000.0,10000.0,0.0
2020-04-01,2020-04-30,Miami,All Residential,330000.0,0.0,-10000.0
2020-05-01,2020-05-31,Miami,All Residential,328100.0,-1900.0,-1900.0
2020-06-01,2020-06-30,Miami,All Residential,340000.0,11900.0,13800.0
2020-07-01,2020-07-31,Miami,All Residential,342000.0,2000.0,-9900.0
2020-08-01,2020-08-31,Miami,All Residential,350000.0,8000.0,6000.0
2020-09-01,2020-09-30,Miami,All Residential,355000.0,5000.0,-3000.0
2020-10-01,2020-10-31,Miami,All Residential,350000.0,-5000.0,-10000.0
2020-11-01,2020-11-30,Miami,All Residential,352500.0,2500.0,7500.0
2020-12-01,2020-12-31,Miami,All Residential,360000.0,7500.0,5000.0
2021-01-01,2021-01-31,Miami,All Residential,370000.0,10000.0,2500.0
2021-02-01,2021-02-28,Miami,All Residential,374945.0,4945.0,-5055.0
2021-03-01,2021-03-31,Miami,All Residential,389000.0,14055.0,9110.0
2021-04-01,2021-04-30,Miami,All Residential,410000.0,21000.0,6945.0
2021-05-01,2021-05-31,Miami,All Residential,405000.0,-5000.0,-26000.0
2021-06-01,2021-06-30,Miami,All Residential,415000.0,10000.0,15000.0
2021-07-01,2021-07-31,Miami,All Residential,415000.0,0.0,-10000.0
2021-08-01,2021-08-31,Miami,All Residential,405000.0,-10000.0,-10000.0
2021-09-01,2021-09-30,Miami,All Residential,405000.0,0.0,10000.0
2021-10-01,2021-10-31,Miami,All Residential,405000.0,0.0,0.0
2021-11-01,2021-11-30,Miami,All Residential,415000.0,10000.0,10000.0
2021-12-01,2021-12-31,Miami,All Residential,435000.0,20000.0,10000.0
2022-01-01,2022-01-31,Miami,All Residential,435000.0,0.0,-20000.0
2022-02-01,2022-02-28,Miami,All Residential,448000.0,13000.0,13000.0
2022-03-01,2022-03-31,Miami,All Residential,465000.0,17000.0,4000.0
2022-04-01,2022-04-30,Miami,All Residential,471800.0,6800.0,-10200.0
2022-05-01,2022-05-31,Miami,All Residential,490000.0,18200.0,11400.0
2022-06-01,2022-06-30,Miami,All Residential,485000.0,-5000.0,-23200.0
2022-07-01,2022-07-31,Miami,All Residential,470000.0,-15000.0,-10000.0
2022-08-01,2022-08-31,Miami,All Residential,458950.0,-11050.0,3950.0
2022-09-01,2022-09-30,Miami,All Residential,475000.0,16050.0,27100.0
2022-10-01,2022-10-31,Miami,All Residential,475000.0,0.0,-16050.0
2022-11-01,2022-11-30,Miami,All Residential,474000.0,-1000.0,-1000.0
2022-12-01,2022-12-31,Miami,All Residential,455000.0,-19000.0,-18000.0
2023-01-01,2023-01-31,Miami,All Residential,470000.0,15000.0,34000.0
2023-02-01,2023-02-28,Miami,All Residential,480000.0,10000.0,-5000.0
2023-03-01,2023-03-31,Miami,All Residential,500000.0,20000.0,10000.0
2023-04-01,2023-04-30,Miami,All Residential,500000.0,0.0,-20000.0
2023-05-01,2023-05-31,Miami,All Residential,512500.0,12500.0,12500.0
2023-06-01,2023-06-30,Miami,All Residential,515000.0,2500.0,-10000.0
2023-07-01,2023-07-31,Miami,All Residential,524500.0,9500.0,7000.0
2023-08-01,2023-08-31,Miami,All Residential,525000.0,500.0,-9000.0
2023-09-01,2023-09-30,Miami,All Residential,510000.0,-15000.0,-15500.0
2023-10-01,2023-10-31,Miami,All Residential,515000.0,5000.0,20000.0
2023-11-01,2023-11-30,Miami,All Residential,515000.0,0.0,-5000.0
2023-12-01,2023-12-31,Miami,All Residential,510000.0,-5000.0,-5000.0
2024-01-01,2024-01-31,Miami,All Residential,535000.0,25000.0,30000.0
2024-02-01,2024-02-29,Miami,All Residential,527975.0,-7025.0,-32025.0
2024-03-01,2024-03-31,Miami,All Residential,560000.0,32025.0,39050.0
2024-04-01,2024-04-30,Miami,All Residential,552000.0,-8000.0,-40025.0
2024-05-01,2024-05-31,Miami,All Residential,535050.0,-16950.0,-8950.0
2024-06-01,2024-06-30,Miami,All Residential,555000.0,19950.0,36900.0
2015-08-01,2015-08-31,New York,All Residential,490000.0,10000.0,-1000.0
2015-09-01,2015-09-30,New York,All Residential,460000.0,-30000.0,-40000.0
2015-10-01,2015-10-31,New York,All Residential,440000.0,-20000.0,10000.0
2015-11-01,2015-11-30,New York,All Residential,449000.0,9000.0,29000.0
2015-12-01,2015-12-31,New York,All Residential,460000.0,11000.0,2000.0
2016-01-01,2016-01-31,New York,All Residential,463000.0,3000.0,-8000.0
2016-02-01,2016-02-29,New York,All Residential,450000.0,-13000.0,-16000.0
2016-03-01,2016-03-31,New York,All Residential,465000.0,15000.0,28000.0
2016-04-01,2016-04-30,New York,All Residential,472500.0,7500.0,-7500.0
2016-05-01,2016-05-31,New York,All Residential,480000.0,7500.0,0.0
2016-06-01,2016-06-30,New York,All Residential,499999.0,19999.0,12499.0
2016-07-01,2016-07-31,New York,All Residential,515000.0,15001.0,-4998.0
2016-08-01,2016-08-31,New York,All Residential,500000.0,-15000.0,-30001.0
2016-09-01,2016-09-30,New York,All Residential,485000.0,-15000.0,0.0
2016-10-01,2016-10-31,New York,All Residential,479000.0,-6000.0,9000.0
2016-11-01,2016-11-30,New York,All Residential,480000.0,1000.0,7000.0
2016-12-01,2016-12-31,New York,All Residential,480000.0,0.0,-1000.0
2017-01-01,2017-01-31,New York,All Residential,505500.0,25500.0,25500.0
2017-02-01,2017-02-28,New York,All Residential,495000.0,-10500.0,-36000.0
2017-03-01,2017-03-31,New York,All Residential,499700.0,4700.0,15200.0
2017-04-01,2017-04-30,New York,All Residential,505500.0,5800.0,1100.0
2017-05-01,2017-05-31,New York,All Residential,515000.0,9500.0,3700.0
2017-06-01,2017-06-30,New York,All Residential,576750.0,61750.0,52250.0
2017-07-01,2017-07-31,New York,All Residential,549000.0,-27750.0,-89500.0
2017-08-01,2017-08-31,New York,All Residential,549000.0,0.0,27750.0
2017-09-01,2017-09-30,New York,All Residential,518000.0,-31000.0,-31000.0
2017-10-01,2017-10-31,New York,All Residential,515000.0,-3000.0,28000.0
2017-11-01,2017-11-30,New York,All Residential,525050.0,10050.0,13050.0
2017-12-01,2017-12-31,New York,All Residential,525000.0,-50.0,-10100.0
2018-01-01,2018-01-31,New York,All Residential,538000.0,13000.0,13050.0
2018-02-01,2018-02-28,New York,All Residential,523000.0,-15000.0,-28000.0
2018-03-01,2018-03-31,New York,All Residential,535000.0,12000.0,27000.0
2018-04-01,2018-04-30,New York,All Residential,535000.0,0.0,-12000.0
2018-05-01,2018-05-31,New York,All Residential,550000.0,15000.0,15000.0
2018-06-01,2018-06-30,New York,All Residential,558000.0,8000.0,-7000.0
2018-07-01,2018-07-31,New York,All Residential,560000.0,2000.0,-6000.0
2018-08-01,2018-08-31,New York,All Residential,555000.0,-5000.0,-7000.0
2018-09-01,2018-09-30,New York,All Residential,550000.0,-5000.0,0.0
2018-10-01,2018-10-31,New York,All Residential,530000.0,-20000.0,-15000.0
2018-11-01,2018-11-30,New York,All Residential,541625.0,11625.0,31625.0
2018-12-01,2018-12-31,New York,All Residential,541000.0,-625.0,-12250.0
2019-01-01,2019-01-31,New York,All Residential,530000.0,-11000.0,-10375.0
2019-02-01,2019-02-28,New York,All Residential,535000.0,5000.0,16000.0
2019-03-01,2019-03-31,New York,All Residential,525000.0,-10000.0,-15000.0
2019-04-01,2019-04-30,New York,All Residential,552000.0,27000.0,37000.0
2019-05-01,2019-05-31,New York,All Residential,559000.0,7000.0,-20000.0
2019-06-01,2019-06-30,New York,All Residential,590000.0,31000.0,24000.0
2019-07-01,2019-07-31,New York,All Residential,556000.0,-34000.0,-65000.0
2019-08-01,2019-08-31,New York,All Residential,574500.0,18500.0,52500.0
2019-09-01,2019-09-30,New York,All Residential,550000.0,-24500.0,-43000.0
2019-10-01,2019-10-31,New York,All Residential,550000.0,0.0,24500.0
2019-11-01,2019-11-30,New York,All Residential,555000.0,5000.0,5000.0
2019-12-01,2019-12-31,New York,All Residential,543250.0,-11750.0,-16750.0
2020-01-01,2020-01-31,New York,All Residential,563000.0,19750.0,31500.0
2020-02-01,2020-02-29,New York,All Residential,574000.0,11000.0,-8750.0
2020-03-01,2020-03-31,New York,All Residential,575000.0,1000.0,-10000.0
2020-04-01,2020-04-30,New York,All Residential,575000.0,0.0,-1000.0
2020-05-01,2020-05-31,New York,All Residential,560000.0,-15000.0,-15000.0
2020-06-01,2020-06-30,New York,All Residential,565000.0,5000.0,20000.0
2020-07-01,2020-07-31,New York,All Residential,570000.0,5000.0,0.0
2020-08-01,2020-08-31,New York,All Residential,569000.0,-1000.0,-6000.0
2020-09-01,2020-09-30,New York,All Residential,575000.0,6000.0,7000.0
2020-10-01,2020-10-31,New York,All Residential,582750.0,7750.0,1750.0
2020-11-01,2020-11-30,New York,All Residential,585000.0,2250.0,-5500.0
2020-12-01,2020-12-31,New York,All Residential,590000.0,5000.0,2750.0
2021-01-01,2021-01-31,New York,All Residential,599000.0,9000.0,4000.0
2021-02-01,2021-02-28,New York,All Residential,600000.0,1000.0,-8000.0
2021-03-01,2021-03-31,New York,All Residential,620000.0,20000.0,19000.0
2021-04-01,2021-04-30,New York,All Residential,649000.0,29000.0,9000.0
2021-05-01,2021-05-31,New York,All Residential,649000.0,0.0,-29000.0
2021-06-01,2021-06-30,New York,All Residential,675000.0,26000.0,26000.0
2021-07-01,2021-07-31,New York,All Residential,675000.0,0.0,-26000.0
2021-08-01,2021-08-31,New York,All Residential,670000.0,-5000.0,-5000.0
2021-09-01,2021-09-30,New York,All Residential,660000.0,-10000.0,-5000.0
2021-10-01,2021-10-31,New York,All Residential,653250.0,-6750.0,3250.0
2021-11-01,2021-11-30,New York,All Residential,650000.0,-3250.0,3500.0
2021-12-01,2021-12-31,New York,All Residential,648000.0,-2000.0,1250.0
2022-01-01,2022-01-31,New York,All Residential,667000.0,19000.0,21000.0
2022-02-01,2022-02-28,New York,All Residential,674112.5,7112.5,-11887.5
2022-03-01,2022-03-31,New York,All Residential,680000.0,5887.5,-1225.0
2022-04-01,2022-04-30,New York,All Residential,685000.0,5000.0,-887.5
2022-05-01,2022-05-31,New York,All Residential,695000.0,10000.0,5000.0
2022-06-01,2022-06-30,New York,All Residential,710000.0,15000.0,5000.0
2022-07-01,2022-07-31,New York,All Residential,710000.0,0.0,-15000.0
2022-08-01,2022-08-31,New York,All Residential,700000.0,-10000.0,-10000.0
2022-09-01,2022-09-30,New York,All Residential,680000.0,-20000.0,-10000.0
2022-10-01,2022-10-31,New York,All Residential,663750.0,-16250.0,3750.0
2022-11-01,2022-11-30,New York,All Residential,670000.0,6250.0,22500.0
2022-12-01,2022-12-31,New York,All Residential,650000.0,-20000.0,-26250.0
2023-01-01,2023-01-31,New York,All Residential,652250.0,2250.0,22250.0
2023-02-01,2023-02-28,New York,All Residential,640000.0,-12250.0,-14500.0
2023-03-01,2023-03-31,New York,All Residential,660000.0,20000.0,32250.0
2023-04-01,2023-04-30,New York,All Residential,672250.0,12250.0,-7750.0
2023-05-01,2023-05-31,New York,All Residential,700000.0,27750.0,15500.0
2023-06-01,2023-06-30,New York,All Residential,710000.0,10000.0,-17750.0
2023-07-01,2023-07-31,New York,All Residential,720000.0,10000.0,0.0
2023-08-01,2023-08-31,New York,All Residential,727500.0,7500.0,-2500.0
2023-09-01,2023-09-30,New York,All Residential,700000.0,-27500.0,-35000.0
2023-10-01,2023-10-31,New York,All Residential,680000.0,-20000.0,7500.0
2023-11-01,2023-11-30,New York,All Residential,685000.0,5000.0,25000.0
2023-12-01,2023-12-31,New York,All Residential,700000.0,15000.0,10000.0
2024-01-01,2024-01-31,New York,All Residential,699999.0,-1.0,-15001.0
2024-02-01,2024-02-29,New York,All Residential,699000.0,-999.0,-998.0
2024-03-01,2024-03-31,New York,All Residential,709720.0,10720.0,11719.0
2024-04-01,2024-04-30,New York,All Residential,725000.0,15280.0,4560.0
2024-05-01,2024-05-31,New York,All Residential,745000.0,20000.0,4720.0
2024-06-01,2024-06-30,New York,All Residential,759000.0,14000.0,-6000.0
2015-08-01,2015-08-31,San Francisco,All Residential,1135000.0,-10000.0,-16000.0
2015-09-01,2015-09-30,San Francisco,All Residential,1090000.0,-45000.0,-35000.0
2015-10-01,2015-10-31,San Francisco,All Residential,1123000.0,33000.0,78000.0
2015-11-01,2015-11-30,San Francisco,All Residential,1135000.0,12000.0,-21000.0
2015-12-01,2015-12-31,San Francisco,All Residential,1090000.0,-45000.0,-57000.0
2016-01-01,2016-01-31,San Francisco,All Residential,1037500.0,-52500.0,-7500.0
2016-02-01,2016-02-29,San Francisco,All Residential,1122500.0,85000.0,137500.0
2016-03-01,2016-03-31,San Francisco,All Residential,1100000.0,-22500.0,-107500.0
2016-04-01,2016-04-30,San Francisco,All Residential,1205000.0,105000.0,127500.0
2016-05-01,2016-05-31,San Francisco,All Residential,1211500.0,6500.0,-98500.0
2016-06-01,2016-06-30,San Francisco,All Residential,1200000.0,-11500.0,-18000.0
2016-07-01,2016-07-31,San Francisco,All Residential,1180000.0,-20000.0,-8500.0
2016-08-01,2016-08-31,San Francisco,All Residential,1150000.0,-30000.0,-10000.0
2016-09-01,2016-09-30,San Francisco,All Residential,1120000.0,-30000.0,0.0
2016-10-01,2016-10-31,San Francisco,All Residential,1225000.0,105000.0,135000.0
2016-11-01,2016-11-30,San Francisco,All Residential,1132500.0,-92500.0,-197500.0
2016-12-01,2016-12-31,San Francisco,All Residential,1140000.0,7500.0,100000.0
2017-01-01,2017-01-31,San Francisco,All Residential,1050000.0,-90000.0,-97500.0
2017-02-01,2017-02-28,San Francisco,All Residential,1215764.0,165764.0,255764.0
2017-03-01,2017-03-31,San Francisco,All Residential,1200000.0,-15764.0,-181528.0
2017-04-01,2017-04-30,San Francisco,All Residential,1275000.0,75000.0,90764.0
2017-05-01,2017-05-31,San Francisco,All Residential,1304000.0,29000.0,-46000.0
2017-06-01,2017-06-30,San Francisco,All Residential,1280000.0,-24000.0,-53000.0
2017-07-01,2017-07-31,San Francisco,All Residential,1256000.0,-24000.0,0.0
2017-08-01,2017-08-31,San Francisco,All Residential,1236500.0,-19500.0,4500.0
2017-09-01,2017-09-30,San Francisco,All Residential,1230000.0,-6500.0,13000.0
2017-10-01,2017-10-31,San Francisco,All Residential,1282000.0,52000.0,58500.0
2017-11-01,2017-11-30,San Francisco,All Residential,1330000.0,48000.0,-4000.0
2017-12-01,2017-12-31,San Francisco,All Residential,1325000.0,-5000.0,-53000.0
2018-01-01,2018-01-31,San Francisco,All Residential,1289000.0,-36000.0,-31000.0
2018-02-01,2018-02-28,San Francisco,All Residential,1380000.0,91000.0,127000.0
2018-03-01,2018-03-31,San Francisco,All Residential,1400000.0,20000.0,-71000.0
2018-04-01,2018-04-30,San Francisco,All Residential,1425000.0,25000.0,5000.0
2018-05-01,2018-05-31,San Francisco,All Residential,1425000.0,0.0,-25000.0
2018-06-01,2018-06-30,San Francisco,All Residential,1410000.0,-15000.0,-15000.0
2018-07-01,2018-07-31,San Francisco,All Residential,1400000.0,-10000.0,5000.0
2018-08-01,2018-08-31,San Francisco,All Residential,1375000.0,-25000.0,-15000.0
2018-09-01,2018-09-30,San Francisco,All Residential,1415000.0,40000.0,65000.0
2018-10-01,2018-10-31,San Francisco,All Residential,1400000.0,-15000.0,-55000.0
2018-11-01,2018-11-30,San Francisco,All Residential,1325000.0,-75000.0,-60000.0
2018-12-01,2018-12-31,San Francisco,All Residential,1350000.0,25000.0,100000.0
2019-01-01,2019-01-31,San Francisco,All Residential,1210000.0,-140000.0,-165000.0
2019-02-01,2019-02-28,San Francisco,All Residential,1275000.0,65000.0,205000.0
2019-03-01,2019-03-31,San Francisco,All Residential,1400000.0,125000.0,60000.0
2019-04-01,2019-04-30,San Francisco,All Residential,1425000.0,25000.0,-100000.0
2019-05-01,2019-05-31,San Francisco,All Residential,1480000.0,55000.0,30000.0
2019-06-01,2019-06-30,San Francisco,All Residential,1450000.0,-30000.0,-85000.0
2019-07-01,2019-07-31,San Francisco,All Residential,1410000.0,-40000.0,-10000.0
2019-08-01,2019-08-31,San Francisco,All Residential,1365000.0,-45000.0,-5000.0
2019-09-01,2019-09-30,San Francisco,All Residential,1350000.0,-15000.0,30000.0
2019-10-01,2019-10-31,San Francisco,All Residential,1400500.0,50500.0,65500.0
2019-11-01,2019-11-30,San Francisco,All Residential,1362500.0,-38000.0,-88500.0
2019-12-01,2019-12-31,San Francisco,All Residential,1312500.0,-50000.0,-12000.0
2020-01-01,2020-01-31,San Francisco,All Residential,1295000.0,-17500.0,32500.0
2020-02-01,2020-02-29,San Francisco,All Residential,1382500.0,87500.0,105000.0
2020-03-01,2020-03-31,San Francisco,All Residential,1450000.0,67500.0,-20000.0
2020-04-01,2020-04-30,San Francisco,All Residential,1400000.0,-50000.0,-117500.0
2020-05-01,2020-05-31,San Francisco,All Residential,1490000.0,90000.0,140000.0
2020-06-01,2020-06-30,San Francisco,All Residential,1550000.0,60000.0,-30000.0
2020-07-01,2020-07-31,San Francisco,All Residential,1450000.0,-100000.0,-160000.0
2020-08-01,2020-08-31,San Francisco,All Residential,1495000.0,45000.0,145000.0
2020-09-01,2020-09-30,San Francisco,All Residential,1449500.0,-45500.0,-90500.0
2020-10-01,2020-10-31,San Francisco,All Residential,1411000.0,-38500.0,7000.0
2020-11-01,2020-11-30,San Francisco,All Residential,1400000.0,-11000.0,27500.0
2020-12-01,2020-12-31,San Francisco,All Residential,1349500.0,-50500.0,-39500.0
2021-01-01,2021-01-31,San Francisco,All Residential,1336000.0,-13500.0,37000.0
2021-02-01,2021-02-28,San Francisco,All Residential,1375000.0,39000.0,52500.0
2021-03-01,2021-03-31,San Francisco,All Residential,1425000.0,50000.0,11000.0
2021-04-01,2021-04-30,San Francisco,All Residential,1510000.0,85000.0,35000.0
2021-05-01,2021-05-31,San Francisco,All Residential,1537000.0,27000.0,-58000.0
2021-06-01,2021-06-30,San Francisco,All Residential,1590000.0,53000.0,26000.0
2021-07-01,2021-07-31,San Francisco,All Residential,1600000.0,10000.0,-43000.0
2021-08-01,2021-08-31,San Francisco,All Residential,1510000.0,-90000.0,-100000.0
2021-09-01,2021-09-30,San Francisco,All Residential,1525000.0,15000.0,105000.0
2021-10-01,2021-10-31,San Francisco,All Residential,1560000.0,35000.0,20000.0
2021-11-01,2021-11-30,San Francisco,All Residential,1575000.0,15000.0,-20000.0
2021-12-01,2021-12-31,San Francisco,All Residential,1480000.0,-95000.0,-110000.0
2022-01-01,2022-01-31,San Francisco,All Residential,1405000.0,-75000.0,20000.0
2022-02-01,2022-02-28,San Francisco,All Residential,1525000.0,120000.0,195000.0
2022-03-01,2022-03-31,San Francisco,All Residential,1579000.0,54000.0,-66000.0
2022-04-01,2022-04-30,San Francisco,All Residential,1659500.0,80500.0,26500.0
2022-05-01,2022-05-31,San Francisco,All Residential,1620000.0,-39500.0,-120000.0
2022-06-01,2022-06-30,San Francisco,All Residential,1583000.0,-37000.0,2500.0
2022-07-01,2022-07-31,San Francisco,All Residential,1500000.0,-83000.0,-46000.0
2022-08-01,2022-08-31,San Francisco,All Residential,1400000.0,-100000.0,-17000.0
2022-09-01,2022-09-30,San Francisco,All Residential,1490000.0,90000.0,190000.0
2022-10-01,2022-10-31,San Francisco,All Residential,1480000.0,-10000.0,-100000.0
2022-11-01,2022-11-30,San Francisco,All Residential,1400000.0,-80000.0,-70000.0
2022-12-01,2022-12-31,San Francisco,All Residential,1315000.0,-85000.0,-5000.0
2023-01-01,2023-01-31,San Francisco,All Residential,1280000.0,-35000.0,50000.0
2023-02-01,2023-02-28,San Francisco,All Residential,1410000.0,130000.0,165000.0
2023-03-01,2023-03-31,San Francisco,All Residential,1425000.0,15000.0,-115000.0
2023-04-01,2023-04-30,San Francisco,All Residential,1435000.0,10000.0,-5000.0
2023-05-01,2023-05-31,San Francisco,All Residential,1499000.0,64000.0,54000.0
2023-06-01,2023-06-30,San Francisco,All Residential,1532500.0,33500.0,-30500.0
2023-07-01,2023-07-31,San Francisco,All Residential,1435000.0,-97500.0,-131000.0
2023-08-01,2023-08-31,San Francisco,All Residential,1478750.0,43750.0,141250.0
2023-09-01,2023-09-30,San Francisco,All Residential,1450000.0,-28750.0,-72500.0
2023-10-01,2023-10-31,San Francisco,All Residential,1505000.0,55000.0,83750.0
2023-11-01,2023-11-30,San Francisco,All Residential,1460000.0,-45000.0,-100000.0
2023-12-01,2023-12-31,San Francisco,All Residential,1295000.0,-165000.0,-120000.0
2024-01-01,2024-01-31,San Francisco,All Residential,1410000.0,115000.0,280000.0
2024-02-01,2024-02-29,San Francisco,All Residential,1410000.0,0.0,-115000.0
2024-03-01,2024-03-31,San Francisco,All Residential,1550000.0,140000.0,140000.0
2024-04-01,2024-04-30,San Francisco,All Residential,1561500.0,11500.0,-128500.0
2024-05-01,2024-05-31,San Francisco,All Residential,1555000.0,-6500.0,-18000.0
2024-06-01,2024-06-30,San Francisco,All Residential,1570000.0,15000.0,21500.0
2015-08-01,2015-08-31,Average of 7 City,All Residential,438994.0,-2648.0,-1005.0
2015-09-01,2015-09-30,Average of 7 City,All Residential,422128.0,-16866.0,-14218.0
2015-10-01,2015-10-31,Average of 7 City,All Residential,420357.0,-1771.0,15095.0
2015-11-01,2015-11-30,Average of 7 City,All Residential,427464.0,7107.0,8878.0
2015-12-01,2015-12-31,Average of 7 City,All Residential,424857.0,-2607.0,-9714.0
2016-01-01,2016-01-31,Average of 7 City,All Residential,413264.0,-11593.0,-8986.0
2016-02-01,2016-02-29,Average of 7 City,All Residential,424142.0,10878.0,22471.0
2016-03-01,2016-03-31,Average of 7 City,All Residential,431696.0,7554.0,-3324.0
2016-04-01,2016-04-30,Average of 7 City,All Residential,457913.0,26217.0,18663.0
2016-05-01,2016-05-31,Average of 7 City,All Residential,463785.0,5872.0,-20345.0
2016-06-01,2016-06-30,Average of 7 City,All Residential,472732.0,8947.0,3075.0
2016-07-01,2016-07-31,Average of 7 City,All Residential,468000.0,-4732.0,-13679.0
2016-08-01,2016-08-31,Average of 7 City,All Residential,459485.0,-8515.0,-3783.0
2016-09-01,2016-09-30,Average of 7 City,All Residential,446928.0,-12557.0,-4042.0
2016-10-01,2016-10-31,Average of 7 City,All Residential,460557.0,13629.0,26186.0
2016-11-01,2016-11-30,Average of 7 City,All Residential,450071.0,-10486.0,-24115.0
2016-12-01,2016-12-31,Average of 7 City,All Residential,450082.0,11.0,10497.0
2017-01-01,2017-01-31,Average of 7 City,All Residential,439357.0,-10725.0,-10736.0
2017-02-01,2017-02-28,Average of 7 City,All Residential,461002.0,21645.0,32370.0
2017-03-01,2017-03-31,Average of 7 City,All Residential,471664.0,10662.0,-10983.0
2017-04-01,2017-04-30,Average of 7 City,All Residential,490107.0,18443.0,7781.0
2017-05-01,2017-05-31,Average of 7 City,All Residential,497414.0,7307.0,-11136.0
2017-06-01,2017-06-30,Average of 7 City,All Residential,509107.0,11693.0,4386.0
2017-07-01,2017-07-31,Average of 7 City,All Residential,498043.0,-11064.0,-22757.0
2017-08-01,2017-08-31,Average of 7 City,All Residential,492214.0,-5829.0,5235.0
2017-09-01,2017-09-30,Average of 7 City,All Residential,481735.0,-10479.0,-4650.0
2017-10-01,2017-10-31,Average of 7 City,All Residential,487646.0,5911.0,16390.0
2017-11-01,2017-11-30,Average of 7 City,All Residential,497214.0,9568.0,3657.0
2017-12-01,2017-12-31,Average of 7 City,All Residential,499714.0,2500.0,-7068.0
2018-01-01,2018-01-31,Average of 7 City,All Residential,493885.0,-5829.0,-8329.0
2018-02-01,2018-02-28,Average of 7 City,All Residential,506852.0,12967.0,18796.0
2018-03-01,2018-03-31,Average of 7 City,All Residential,521217.0,14365.0,1398.0
2018-04-01,2018-04-30,Average of 7 City,All Residential,530928.0,9711.0,-4654.0
2018-05-01,2018-05-31,Average of 7 City,All Residential,536142.0,5214.0,-4497.0
2018-06-01,2018-06-30,Average of 7 City,All Residential,541132.0,4990.0,-224.0
2018-07-01,2018-07-31,Average of 7 City,All Residential,535713.0,-5419.0,-10409.0
2018-08-01,2018-08-31,Average of 7 City,All Residential,527027.0,-8686.0,-3267.0
2018-09-01,2018-09-30,Average of 7 City,All Residential,523857.0,-3170.0,5516.0
2018-10-01,2018-10-31,Average of 7 City,All Residential,518857.0,-5000.0,-1830.0
2018-11-01,2018-11-30,Average of 7 City,All Residential,508732.0,-10125.0,-5125.0
2018-12-01,2018-12-31,Average of 7 City,All Residential,510245.0,1513.0,11638.0
2019-01-01,2019-01-31,Average of 7 City,All Residential,488021.0,-22224.0,-23737.0
2019-02-01,2019-02-28,Average of 7 City,All Residential,498660.0,10639.0,32863.0
2019-03-01,2019-03-31,Average of 7 City,All Residential,523164.0,24504.0,13865.0
2019-04-01,2019-04-30,Average of 7 City,All Residential,536570.0,13406.0,-11098.0
2019-05-01,2019-05-31,Average of 7 City,All Residential,554392.0,17822.0,4416.0
2019-06-01,2019-06-30,Average of 7 City,All Residential,558067.0,3675.0,-14147.0
2019-07-01,2019-07-31,Average of 7 City,All Residential,545321.0,-12746.0,-16421.0
2019-08-01,2019-08-31,Average of 7 City,All Residential,536214.0,-9107.0,3639.0
2019-09-01,2019-09-30,Average of 7 City,All Residential,525071.0,-11143.0,-2036.0
2019-10-01,2019-10-31,Average of 7 City,All Residential,532642.0,7571.0,18714.0
2019-11-01,2019-11-30,Average of 7 City,All Residential,527218.0,-5424.0,-12995.0
2019-12-01,2019-12-31,Average of 7 City,All Residential,520750.0,-6468.0,-1044.0
2020-01-01,2020-01-31,Average of 7 City,All Residential,518663.0,-2087.0,4381.0
2020-02-01,2020-02-29,Average of 7 City,All Residential,538040.0,19377.0,21464.0
2020-03-01,2020-03-31,Average of 7 City,All Residential,558925.0,20885.0,1508.0
2020-04-01,2020-04-30,Average of 7 City,All Residential,554077.0,-4848.0,-25733.0
2020-05-01,2020-05-31,Average of 7 City,All Residential,562585.0,8508.0,13356.0
2020-06-01,2020-06-30,Average of 7 City,All Residential,577642.0,15057.0,6549.0
2020-07-01,2020-07-31,Average of 7 City,All Residential,571967.0,-5675.0,-20732.0
2020-08-01,2020-08-31,Average of 7 City,All Residential,581857.0,9890.0,15565.0
2020-09-01,2020-09-30,Average of 7 City,All Residential,575071.0,-6786.0,-16676.0
2020-10-01,2020-10-31,Average of 7 City,All Residential,572300.0,-2771.0,4015.0
2020-11-01,2020-11-30,Average of 7 City,All Residential,568907.0,-3393.0,-622.0
2020-12-01,2020-12-31,Average of 7 City,All Residential,562705.0,-6202.0,-2809.0
2021-01-01,2021-01-31,Average of 7 City,All Residential,565307.0,2602.0,8804.0
2021-02-01,2021-02-28,Average of 7 City,All Residential,577493.0,12186.0,9584.0
2021-03-01,2021-03-31,Average of 7 City,All Residential,604928.0,27435.0,15249.0
2021-04-01,2021-04-30,Average of 7 City,All Residential,639142.0,34214.0,6779.0
2021-05-01,2021-05-31,Average of 7 City,All Residential,646571.0,7429.0,-26785.0
2021-06-01,2021-06-30,Average of 7 City,All Residential,667350.0,20779.0,13350.0
2021-07-01,2021-07-31,Average of 7 City,All Residential,664928.0,-2422.0,-23201.0
2021-08-01,2021-08-31,Average of 7 City,All Residential,645700.0,-19228.0,-16806.0
2021-09-01,2021-09-30,Average of 7 City,All Residential,638428.0,-7272.0,11956.0
2021-10-01,2021-10-31,Average of 7 City,All Residential,642892.0,4464.0,11736.0
2021-11-01,2021-11-30,Average of 7 City,All Residential,650333.0,7441.0,2977.0
2021-12-01,2021-12-31,Average of 7 City,All Residential,641285.0,-9048.0,-16489.0
2022-01-01,2022-01-31,Average of 7 City,All Residential,630590.0,-10695.0,-1647.0
2022-02-01,2022-02-28,Average of 7 City,All Residential,658278.0,27688.0,38383.0
2022-03-01,2022-03-31,Average of 7 City,All Residential,684698.0,26420.0,-1268.0
2022-04-01,2022-04-30,Average of 7 City,All Residential,712685.0,27987.0,1567.0
2022-05-01,2022-05-31,Average of 7 City,All Residential,712142.0,-543.0,-28530.0
2022-06-01,2022-06-30,Average of 7 City,All Residential,709707.0,-2435.0,-1892.0
2022-07-01,2022-07-31,Average of 7 City,All Residential,686535.0,-23172.0,-20737.0
2022-08-01,2022-08-31,Average of 7 City,All Residential,659849.0,-26686.0,-3514.0
2022-09-01,2022-09-30,Average of 7 City,All Residential,664573.0,4724.0,31410.0
2022-10-01,2022-10-31,Average of 7 City,All Residential,656250.0,-8323.0,-13047.0
2022-11-01,2022-11-30,Average of 7 City,All Residential,643994.0,-12256.0,-3933.0
2022-12-01,2022-12-31,Average of 7 City,All Residential,616553.0,-27441.0,-15185.0
2023-01-01,2023-01-31,Average of 7 City,All Residential,611750.0,-4803.0,22638.0
2023-02-01,2023-02-28,Average of 7 City,All Residential,631071.0,19321.0,24124.0
2023-03-01,2023-03-31,Average of 7 City,All Residential,651285.0,20214.0,893.0
2023-04-01,2023-04-30,Average of 7 City,All Residential,662864.0,11579.0,-8635.0
2023-05-01,2023-05-31,Average of 7 City,All Residential,685071.0,22207.0,10628.0
2023-06-01,2023-06-30,Average of 7 City,All Residential,700992.0,15921.0,-6286.0
2023-07-01,2023-07-31,Average of 7 City,All Residential,686214.0,-14778.0,-30699.0
2023-08-01,2023-08-31,Average of 7 City,All Residential,688495.0,2281.0,17059.0
2023-09-01,2023-09-30,Average of 7 City,All Residential,671409.0,-17086.0,-19367.0
2023-10-01,2023-10-31,Average of 7 City,All Residential,674285.0,2876.0,19962.0
2023-11-01,2023-11-30,Average of 7 City,All Residential,663571.0,-10714.0,-13590.0
2023-12-01,2023-12-31,Average of 7 City,All Residential,639046.0,-24525.0,-13811.0
2024-01-01,2024-01-31,Average of 7 City,All Residential,660617.0,21571.0,46096.0
2024-02-01,2024-02-29,Average of 7 City,All Residential,662282.0,1665.0,-19906.0
2024-03-01,2024-03-31,Average of 7 City,All Residential,701162.0,38880.0,37215.0
2024-04-01,2024-04-30,Average of 7 City,All Residential,709257.0,8095.0,-30785.0
2024-05-01,2024-05-31,Average of 7 City,All Residential,711992.0,2735.0,-5360.0
2024-06-01,2024-06-30,Average of 7 City,All Residential,725928.0,13936.0,11201.0
